,City,Cloudiness,Country,Date,Humidity,Lat,Lng,Max Temp,Wind Speed
0,Longyearbyen,20,NO,1576301285,67,78.22,15.63,267.15,10.3
1,Busselton,14,AU,1576301285,5,-33.64,115.35,311.85,4.63
2,Avarua,100,CK,1576301267,73,-21.21,-159.78,298.15,5.1
3,Dikson,75,RU,1576301268,100,73.51,80.55,250.25,1.7
4,Qaanaaq,5,GL,1576301268,55,77.48,-69.36,249.69,3.09
5,Ribeira Grande,98,PT,1576301268,93,38.52,-28.7,288.73,10.96
6,Ushuaia,75,AR,1576301268,87,-54.81,-68.31,280.15,1.99
7,Grand Gaube,40,MU,1576301287,74,-20.01,57.66,302.1,2.6
8,Lebu,20,ET,1576301287,66,8.96,38.73,286.15,1.0
9,Bozeman,90,US,1576301269,79,45.68,-111.04,269.98,3.1
10,Hilo,75,US,1576301173,73,19.71,-155.08,292.75,2.93
11,Port-Gentil,90,GA,1576301269,100,-0.72,8.78,298.15,2.1
12,Carnarvon,14,ZA,1576301270,43,-30.97,22.13,294.29,5.34
13,Gull Lake,90,CA,1576301270,77,50.1,-108.48,255.15,4.1
14,Kavaratti,27,IN,1576301270,74,10.57,72.64,301.46,6.95
15,Lompoc,90,US,1576301270,93,34.64,-120.46,286.41,2.1
16,New Norfolk,100,AU,1576301270,34,-42.78,147.06,289.37,1.79
17,Thompson,5,CA,1576301271,73,55.74,-97.86,238.15,1.0
18,Cape Town,75,ZA,1576300976,88,-33.93,18.42,292.45,4.6
19,Saint-Pierre,90,FR,1576301271,71,48.95,4.24,282.43,14.9
20,Poum,100,MK,1576301271,94,41.28,20.71,275.34,1.56
21,Calvia,20,ES,1576301271,63,39.57,2.51,288.92,4.6
22,San Patricio,0,PY,1576301272,60,-26.98,-56.83,294.16,2.51
23,Narsaq,56,GL,1576301290,32,60.91,-46.05,269.15,2.6
24,Tuktoyaktuk,75,CA,1576301290,75,69.44,-133.03,247.15,4.1
25,Hami,100,CN,1576301290,28,42.84,93.51,274.51,3.91
26,Warrington,99,GB,1576301291,80,53.39,-2.59,277.4,8.2
27,Rikitea,100,PF,1576301291,80,-23.12,-134.97,296.65,7.45
28,Mossendjo,100,CG,1576301291,97,-2.95,12.72,295.22,0.59
29,Jamestown,0,AU,1576301291,27,-33.21,138.6,301.79,6.98
30,Hobart,100,AU,1576301292,58,-42.88,147.33,289.37,0.45
31,Qianan,0,CN,1576301292,65,44.99,124.06,267.04,4.7
32,Henties Bay,37,NA,1576301292,91,-22.12,14.28,289.82,1.79
33,Kapaa,90,US,1576301292,94,22.08,-159.32,297.43,6.7
34,Punta Arenas,75,CL,1576301292,75,-53.16,-70.91,281.03,2.1
35,Iqaluit,75,CA,1576301293,55,63.75,-68.52,261.15,5.7
36,Isangel,75,VU,1576301293,58,-19.55,169.27,302.15,4.1
37,Isla Vista,40,US,1576301293,100,34.41,-119.86,286.53,2.1
38,Mataura,81,NZ,1576301293,52,-46.19,168.86,289.82,4.92
39,Punta de Bombon,85,PE,1576301294,89,-17.17,-71.79,289.5,2.79
40,Egvekinot,100,RU,1576301294,92,66.32,-179.17,261.77,4.41
41,Bredasdorp,90,ZA,1576301119,73,-34.53,20.04,292.85,3.1
42,Lugovoy,63,RU,1576301294,94,59.72,65.88,261.42,2.02
43,Victoria,75,BN,1576301039,58,5.28,115.24,304.15,1.5
44,Uige,77,AO,1576301295,97,-7.61,15.06,292.49,0.47
45,Aksarka,40,RU,1576301295,98,66.56,67.8,250.81,2.84
46,Port Hardy,75,CA,1576301295,100,50.7,-127.42,274.15,1.0
47,Port Elizabeth,90,US,1576301295,100,39.31,-74.98,284.2,3.6
48,Ambilobe,0,MG,1576301296,68,-13.19,49.05,303.44,1.36
49,Komsomolskiy,100,RU,1576301296,95,67.55,63.78,263.35,3.85
50,Chokurdakh,94,RU,1576301297,96,70.62,147.9,241.75,0.94
51,Butaritari,83,KI,1576301297,77,3.07,172.79,302.24,7.63
52,Geraldton,90,CA,1576300998,77,49.72,-86.95,255.15,3.6
53,Albany,90,US,1576301242,80,42.65,-73.75,275.31,1.5
54,Kodiak,1,US,1576301297,74,39.95,-94.76,274.81,7.2
55,San Jose,47,HN,1576300786,91,14.25,-87.96,289.59,2.69
56,Shahdadkot,0,PK,1576301298,37,27.85,67.91,293.89,1.4
57,Gorontalo,57,ID,1576301298,82,0.54,123.06,301.04,1.41
58,Pevek,100,RU,1576301298,94,69.7,170.27,255.38,4.14
59,Birin,22,NP,1576301298,73,26.89,88.07,284.41,2.11
60,Hithadhoo,60,MV,1576301299,73,-0.6,73.08,301.26,5.04
61,Trat,20,TH,1576301299,52,12.25,102.51,303.8,6.2
62,Eureka,75,US,1576301299,87,40.8,-124.16,282.65,3.1
63,Vila Velha,75,BR,1576301144,69,-3.71,-38.6,300.27,5.7
64,Vardo,90,US,1576301300,93,39.62,-77.74,275.22,3.36
65,Saint-Philippe,90,CA,1576301300,93,45.36,-73.48,275.18,3.1
66,Tabas,64,IR,1576301300,53,33.6,56.92,283.15,1.0
67,Marrakesh,20,MA,1576301300,81,31.63,-7.99,281.15,1.0
68,Erenhot,80,CN,1576301300,48,43.65,111.97,271.12,4.95
69,Kruisfontein,56,ZA,1576301301,62,-34.0,24.73,295.95,8.08
70,Khatanga,97,RU,1576301301,98,71.98,102.47,238.48,2.53
71,Tasiilaq,49,GL,1576301301,61,65.61,-37.64,264.15,2.6
72,Poddorye,100,RU,1576301301,82,57.47,31.12,273.98,4.39
73,Hermanus,67,ZA,1576301301,94,-34.42,19.24,292.04,1.34
74,San Cristobal,46,HN,1576301302,96,14.68,-86.92,289.92,1.11
75,Klaksvik,100,FO,1576301302,69,62.23,-6.59,274.15,12.9
76,Bluff,16,AU,1576301302,16,-23.58,149.07,310.95,3.5
77,Nyanguge,0,TZ,1576301302,68,-2.54,33.2,296.13,2.27
78,Coihaique,40,CL,1576301302,66,-45.58,-72.07,283.15,2.6
79,Nadym,12,RU,1576301303,99,65.53,72.51,246.81,1.39
80,Sao Filipe,25,CV,1576301303,76,14.9,-24.5,294.61,5.83
81,Narodychi,100,UA,1576301303,87,51.2,29.09,273.48,5.54
82,East London,20,ZA,1576301303,78,-33.02,27.91,295.15,6.2
83,Conceicao do Araguaia,54,BR,1576301231,91,-8.26,-49.26,296.68,0.72
84,Belmonte,94,PT,1576301304,84,40.36,-7.35,282.8,3.29
85,Vaini,42,IN,1576301305,57,15.34,74.49,298.14,2.1
86,Aleksandrovka,0,RU,1576301305,83,54.24,50.04,263.69,3.0
87,Grindavik,13,IS,1576301305,62,63.84,-22.43,266.06,4.6
88,Barrow,77,AR,1576301305,26,-38.31,-60.23,290.72,5.53
89,Puerto Ayora,12,EC,1576301305,87,-0.74,-90.35,295.37,2.24
90,Faanui,100,PF,1576301306,82,-16.48,-151.75,299.46,8.74
91,Clyde River,77,CA,1576301306,74,70.47,-68.59,244.44,1.27
92,Sibi,0,PK,1576301306,34,29.55,67.88,292.11,0.87
93,Vilhena,100,BR,1576301306,95,-12.74,-60.15,293.13,0.96
94,Fukue,40,JP,1576301307,58,35.03,136.69,285.58,1.0
95,Rio Grande,0,BR,1576301307,77,-32.03,-52.1,289.26,6.36
96,Chapais,90,CA,1576301307,92,49.78,-74.86,266.15,3.6
97,Kiruna,43,SE,1576301307,86,67.86,20.23,270.15,10.8
98,Awbari,0,LY,1576301308,36,26.59,12.77,283.01,3.67
99,Kiama,40,AU,1576301308,64,-34.67,150.86,295.81,6.7
100,Urusha,65,RU,1576301308,93,54.05,122.9,254.54,0.85
101,Luderitz,0,NA,1576301308,82,-26.65,15.16,290.15,4.6
102,Kaitangata,78,NZ,1576301308,82,-46.28,169.85,287.59,6.26
103,Saint-Augustin,90,CA,1576301309,93,45.63,-73.98,275.4,3.1
104,Yate,75,GB,1576301309,75,51.54,-2.41,278.06,8.2
105,Atuona,0,PF,1576301309,58,-9.8,-139.03,299.74,2.41
106,Nicoya,2,CR,1576301309,69,10.15,-85.45,296.45,1.5
107,Namatanai,99,PG,1576301310,70,-3.66,152.44,302.71,3.05
108,Ahome,0,MX,1576301310,89,25.92,-109.18,290.44,2.68
109,Arua,25,UG,1576301310,69,3.02,30.91,296.89,0.78
110,Reconquista,47,AR,1576301311,60,-29.14,-59.64,293.75,4.53
111,Esperance,0,AU,1576301311,12,-33.86,121.89,311.15,5.7
112,Hailar,68,CN,1576301312,85,49.2,119.7,263.05,5.39
113,Beringovskiy,100,RU,1576301312,95,63.05,179.32,269.37,6.95
114,Port Alfred,1,ZA,1576301312,93,-33.59,26.89,292.04,0.45
115,Sol-Iletsk,0,RU,1576301312,76,51.16,55.0,263.19,0.79
116,Mahebourg,40,MU,1576301313,74,-20.41,57.7,302.08,2.6
117,Souillac,90,FR,1576301313,93,45.6,-0.6,286.13,9.3
118,Ambagarh Chauki,2,IN,1576301313,48,20.78,80.75,299.99,1.55
119,Chuy,58,UY,1576301313,66,-33.69,-53.46,288.34,3.61
120,Ancud,0,CL,1576301313,100,-41.87,-73.83,278.15,1.0
121,Barcelona,20,ES,1576300595,51,41.38,2.18,288.07,11.8
122,Kutum,48,SD,1576301314,23,14.2,24.66,291.72,1.78
123,George Town,40,MY,1576301315,62,5.42,100.33,303.15,3.6
124,Touros,20,BR,1576301315,78,-5.2,-35.46,297.15,1.5
125,Ahipara,42,NZ,1576301315,71,-35.17,173.16,296.48,0.89
126,Pak Phanang,75,TH,1576301119,74,8.35,100.2,302.15,3.1
127,Castro,10,CL,1576301315,100,-42.48,-73.76,278.15,1.0
128,Airai,42,TL,1576301316,46,-8.93,125.41,302.18,2.67
129,Whitecourt,40,CA,1576301316,84,54.14,-115.68,256.15,2.6
130,Turukhansk,100,RU,1576301316,99,65.8,87.96,240.75,1.3
131,Orahovac,75,XK,1576301316,81,42.4,20.65,280.22,2.6
132,Borazjan,86,IR,1576301316,88,29.27,51.21,291.15,1.86
133,Mehamn,20,NO,1576301317,82,71.03,27.85,269.08,4.28
134,Hasaki,20,JP,1576301317,51,35.73,140.83,288.14,5.1
135,Husavik,100,CA,1576301317,85,50.56,-96.99,253.71,5.36
136,Cacule,0,BR,1576301317,86,-14.5,-42.22,291.15,1.7
137,Opunake,29,NZ,1576301318,79,-39.45,173.86,289.84,3.13
138,Ponta do Sol,100,BR,1576301318,95,-20.63,-46.0,291.68,2.57
139,Kununurra,54,AU,1576301318,31,-15.77,128.74,311.15,5.1
140,Sukagawa,20,JP,1576301318,53,37.29,140.32,285.77,0.5
141,Marawi,18,PH,1576301318,84,8.0,124.29,301.48,1.34
142,Lyudinovo,100,RU,1576301319,86,53.86,34.45,273.4,4.37
143,Sola,0,TZ,1576301319,76,-3.17,33.8,294.54,3.5
144,Poniatowa,90,PL,1576301319,100,51.19,22.07,276.08,5.1
145,Caravelas,0,BR,1576301319,96,-17.73,-39.27,295.94,1.93
146,Cherskiy,100,RU,1576301319,98,68.75,161.3,248.88,1.99
147,Omsukchan,100,RU,1576301320,94,62.53,155.8,243.09,1.87
148,Cabo San Lucas,5,MX,1576301071,68,22.89,-109.91,290.98,1.5
149,Leningradskiy,100,RU,1576301320,94,69.38,178.42,258.53,9.02
150,Upernavik,28,GL,1576301320,59,72.79,-56.15,257.78,2.9
151,Saldanha,99,PT,1576301320,87,41.42,-6.55,281.57,5.38
152,Cidreira,0,BR,1576301321,72,-30.17,-50.22,293.59,9.25
153,Coquimbo,1,CL,1576301321,87,-29.95,-71.34,287.15,2.1
154,Quatre Cocos,40,MU,1576301321,74,-20.21,57.76,302.09,2.6
155,Parker,90,US,1576301279,73,43.4,-97.14,265.14,7.7
156,Lasa,75,CY,1576301321,72,34.92,32.53,289.46,5.7
157,Lang Son,99,VN,1576301322,77,21.83,106.73,291.6,1.09
158,Artyom,46,RU,1576301322,45,43.36,132.19,269.15,6.0
159,Grand Haven,1,US,1576301322,86,43.06,-86.23,271.65,0.55
160,Alofi,99,NU,1576301148,94,-19.06,-169.92,295.15,7.2
161,Yellowknife,20,CA,1576301323,67,62.45,-114.38,241.58,4.1
162,Bethel,90,US,1576301323,100,60.79,-161.76,271.15,2.6
163,Oulainen,95,FI,1576301323,95,64.27,24.8,274.06,2.24
164,Anacortes,90,US,1576301323,93,48.5,-122.62,278.02,1.31
165,Kurdzhinovo,8,RU,1576301324,72,43.99,40.96,276.71,2.18
166,Singleton,30,AU,1576301324,54,-32.57,151.17,301.53,7.2
167,Makubetsu,75,JP,1576301324,86,42.84,143.34,272.15,0.5
168,Karratha,0,AU,1576301325,71,-20.74,116.85,302.0,6.22
169,Srednekolymsk,100,RU,1576301325,98,67.46,153.71,246.54,0.93
170,Santa Catalina,100,UY,1576301326,55,-33.79,-57.49,289.26,4.38
171,Bambous Virieux,40,MU,1576301326,74,-20.34,57.76,302.09,2.6
172,Pangody,6,RU,1576301326,99,65.85,74.49,246.87,2.13
173,Tivaouane,0,SN,1576301327,49,14.95,-16.81,293.15,5.1
174,Saskylakh,96,RU,1576301327,96,71.97,114.09,237.88,3.56
175,Tuatapere,83,NZ,1576301328,52,-46.13,167.69,289.82,4.92
176,Arraial do Cabo,100,BR,1576301328,89,-22.97,-42.02,296.95,3.09
177,Naze,40,NG,1576301328,100,5.43,7.07,296.15,0.79
178,Bubaque,0,GW,1576301328,55,11.28,-15.83,299.73,2.78
179,Mount Gambier,90,AU,1576301328,59,-37.83,140.78,291.15,5.7
180,Harlingen,75,NL,1576301046,93,53.18,5.41,278.53,5.1
181,Dzhubga,99,RU,1576301329,79,44.32,38.7,283.45,3.2
182,Kholodnyy,100,RU,1576301329,100,62.72,147.95,242.27,0.69
183,Christchurch,44,NZ,1576301097,48,-43.53,172.64,290.61,9.8
184,Kavieng,100,PG,1576301330,74,-2.57,150.8,302.22,4.71
185,Swan Hill,74,AU,1576301330,22,-35.34,143.56,301.49,6.48
186,Vao,100,EE,1576301330,92,59.1,26.19,274.28,5.28
187,Haines Junction,72,CA,1576301330,95,60.75,-137.51,263.34,2.97
188,Marzuq,0,YE,1576301331,30,14.4,46.47,297.26,1.02
189,Jijiga,19,ET,1576301331,50,9.35,42.8,292.05,2.89
190,Talnakh,40,RU,1576301331,82,69.49,88.39,246.15,7.0
191,Mpika,100,ZM,1576301331,92,-11.84,31.4,292.48,2.3
192,Worland,1,US,1576301332,32,44.02,-107.96,268.61,0.58
193,Sorland,90,NO,1576301332,61,67.67,12.69,277.94,5.06
194,Puerto Penasco,0,MX,1576301223,83,31.32,-113.53,288.15,0.45
195,Eirunepe,100,BR,1576301332,98,-6.66,-69.87,295.72,0.79
196,Paita,95,PE,1576301333,87,-5.09,-81.11,292.86,1.53
197,Flin Flon,0,CA,1576301327,95,54.77,-101.88,245.67,1.91
198,Oistins,75,BB,1576301333,88,13.07,-59.53,297.15,3.6
199,Fort Saint James,100,CA,1576301334,97,54.43,-124.25,266.29,0.61
200,Kaihua,0,CN,1576301334,36,29.14,118.41,291.8,3.05
201,Perth,0,AU,1576300726,9,-31.95,115.86,312.35,7.2
202,Muzhi,80,RU,1576301334,90,65.4,64.7,259.55,1.2
203,Mar del Plata,12,AR,1576301250,38,-46.43,-67.52,288.04,6.35
204,Berlin,75,DE,1576301081,93,52.52,13.39,276.17,2.6
205,Soligalich,91,RU,1576301335,86,59.08,42.29,268.76,3.21
206,Marsh Harbour,100,BS,1576301335,80,26.54,-77.06,297.81,6.83
207,Altamira,69,BR,1576301335,96,-3.2,-52.21,295.5,0.68
208,Sandpoint,90,US,1576301327,95,48.28,-116.55,273.17,1.5
209,Hualmay,100,PE,1576301336,81,-11.1,-77.61,292.34,1.69
210,Georgetown,85,GY,1576300797,80,6.8,-58.16,300.61,8.36
211,Teknaf,0,BD,1576301336,37,20.86,92.31,302.55,0.94
212,Bergen,68,NO,1576301336,59,60.39,5.33,277.97,6.2
213,Lae,20,PG,1576301337,55,-6.72,146.98,306.15,10.3
214,Vila,0,IT,1576301337,92,45.18,8.4,274.83,1.0
215,Kulhudhuffushi,65,MV,1576301337,73,6.62,73.07,301.25,3.53
216,Gobabis,7,NA,1576301337,17,-22.45,18.97,298.02,2.85
217,Samarai,57,PG,1576301338,64,-10.62,150.67,303.21,3.71
218,Bonavista,23,CA,1576301338,76,48.65,-53.11,266.48,6.26
219,Krasnyy Chikoy,13,RU,1576301338,84,50.36,108.75,264.33,1.18
220,Genhe,84,CN,1576301339,94,50.78,121.52,258.14,2.15
221,Cuajinicuilapa,81,MX,1576301339,88,16.47,-98.41,296.63,1.16
222,Arak,20,IR,1576301339,100,34.1,49.69,275.15,1.0
223,Cockburn Town,8,TC,1576301340,77,21.46,-71.14,300.06,9.32
224,Tevaitoa,100,PF,1576301340,80,-16.78,-151.5,299.59,9.97
225,Sawtell,36,AU,1576301340,65,-30.38,153.1,301.34,4.1
226,Sampit,31,ID,1576301340,42,-2.54,112.95,308.83,1.23
227,Meiganga,57,CM,1576301340,25,6.52,14.29,292.95,2.47
228,Sovetskiy,0,RU,1576301341,87,56.76,48.47,263.33,4.18
229,Rawdon,90,CA,1576301341,93,46.05,-73.71,274.82,3.1
230,Altay,68,CN,1576301341,63,47.83,88.13,268.68,0.37
231,Griffith,68,AU,1576301341,22,-34.29,146.06,302.8,8.7
232,Ovalle,23,CL,1576301342,84,-30.6,-71.2,284.84,0.13
233,Avera,90,US,1576301342,98,33.19,-82.53,279.06,3.6
234,Camacha,75,PT,1576301342,93,33.08,-16.33,289.29,2.1
235,Bowen,72,AU,1576301342,46,-20.01,148.25,305.6,6.2
236,Tiksi,59,RU,1576301343,100,71.64,128.87,238.86,1.52
237,Punto Fijo,82,VE,1576301343,77,11.69,-70.21,299.09,5.56
238,Angoche,100,MZ,1576301343,79,-16.23,39.91,300.8,2.26
239,Severo-Kurilsk,100,RU,1576301343,80,50.68,156.12,269.38,9.97
240,Ambahta,18,IN,1576301344,67,29.85,77.33,290.0,3.46
241,Khor,95,RU,1576301344,89,47.88,134.96,257.4,5.12
242,Mount Isa,0,AU,1576301344,10,-20.73,139.49,312.15,4.1
243,Pisco,100,PE,1576301344,82,-13.71,-76.2,292.41,2.1
244,Russell,90,US,1576301345,75,38.9,-98.86,277.12,2.6
245,Aspe,15,ES,1576301345,93,38.35,-0.77,284.06,2.1
246,Dicabisagan,17,PH,1576301345,81,17.08,122.42,299.53,4.17
247,Vicksburg,90,US,1576301345,100,32.35,-90.88,280.37,0.69
248,Victoria Point,20,AU,1576301346,69,-27.58,153.3,303.03,7.7
249,Karangampel,100,ID,1576301346,64,-6.46,108.44,303.18,5.17
250,Nikolskoye,90,RU,1576301346,80,59.7,30.79,274.44,5.0
251,Yerofey Pavlovich,76,RU,1576301347,95,53.97,121.97,255.22,0.93
252,Ketchikan,90,US,1576301347,93,55.34,-131.65,277.15,4.1
253,Nanortalik,0,GL,1576301347,43,60.14,-45.24,271.59,3.15
254,Nushki,41,PK,1576301347,24,29.55,66.02,285.92,0.29
255,Khovu-Aksy,94,RU,1576301347,71,51.13,93.72,260.49,4.47
256,Yaan,27,NG,1576301348,19,7.38,8.57,294.18,2.08
257,Sakaiminato,75,JP,1576301348,57,35.55,133.23,284.15,6.2
258,Puerto Narino,75,CO,1576301348,100,-3.77,-70.38,297.15,0.41
259,Kurilsk,84,RU,1576301348,98,45.23,147.88,273.97,8.95
260,Panzhihua,70,CN,1576301348,56,26.59,101.72,287.04,1.0
261,Flinders,40,AU,1576301349,64,-34.58,150.85,296.16,6.7
262,Quattro Castella,0,IT,1576301349,61,44.63,10.47,273.53,2.1
263,San Policarpo,13,PH,1576301350,85,12.18,125.51,301.33,6.23
264,Sitka,82,US,1576301350,53,37.17,-99.65,279.26,3.58
265,Vaitape,100,PF,1576301350,82,-16.52,-151.75,299.46,8.74
266,Yuma,1,US,1576301351,67,32.73,-114.62,288.27,1.71
267,Ukiah,90,US,1576301351,93,39.15,-123.21,283.0,1.5
268,Sunbury,75,AU,1576301351,49,-37.58,144.73,292.61,6.7
269,Wewak,57,PG,1576301351,71,-3.55,143.63,302.49,6.75
270,Ojinaga,1,US,1576301351,62,29.56,-104.41,282.67,2.6
271,Ahuimanu,90,US,1576301352,83,21.44,-157.84,298.03,5.7
272,Orapa,11,BW,1576301352,54,-21.28,25.37,296.91,6.75
273,Ostrovnoy,82,RU,1576301352,94,68.05,39.51,267.71,9.48
274,Byron Bay,80,AU,1576300502,69,-28.65,153.62,302.43,5.1
275,Wainwright,97,CA,1576301353,95,52.84,-110.86,256.69,3.31
276,Norman Wells,20,CA,1576301353,67,65.28,-126.83,241.15,1.0
277,Nouadhibou,29,MR,1576301353,62,20.93,-17.03,288.15,6.7
278,Hofn,0,IS,1576301353,62,64.25,-15.21,270.15,6.31
279,Sesheke,88,NA,1576301354,69,-17.47,24.29,296.15,2.1
280,Tezu,20,IN,1576301354,35,27.93,96.16,296.42,1.91
281,Porto Novo,75,BR,1576301354,83,-23.68,-45.44,294.15,2.1
282,Havoysund,5,NO,1576301354,79,71.0,24.66,269.15,3.6
283,Gandajika,100,CD,1576301355,92,-6.75,23.95,295.93,0.04
284,Lorengau,73,PG,1576301355,73,-2.02,147.27,302.28,5.06
285,Port Blair,13,IN,1576301355,72,11.67,92.75,300.23,7.58
286,Labytnangi,67,RU,1576301356,98,66.66,66.39,251.0,1.5
287,Ulvik,100,NO,1576301356,84,60.57,6.92,273.18,1.34
288,La Paz,5,MX,1576301356,93,24.15,-110.32,287.68,2.6
289,Amroha,55,IN,1576301356,64,28.91,78.47,291.27,3.94
290,Bathurst,30,AU,1576301357,28,-33.42,149.58,299.26,7.6
291,Pangnirtung,99,CA,1576301357,92,66.15,-65.72,246.87,2.31
292,Rawson,0,AR,1576301357,49,-43.3,-65.11,289.08,10.95
293,Nizhnevartovsk,40,RU,1576301357,84,60.93,76.58,260.15,3.0
294,Shimoda,20,JP,1576301357,44,34.7,138.93,288.79,9.8
295,Qaqortoq,0,GL,1576301358,32,60.72,-46.03,269.15,2.6
296,Fairbanks,1,US,1576301315,84,64.84,-147.72,257.42,0.83
297,Chara,90,GR,1576301358,100,39.42,22.43,283.72,0.72
298,Dingle,64,PH,1576301358,84,11.0,122.67,300.36,5.4
299,Urozhaynoye,92,RU,1576301359,92,47.7,142.03,268.04,3.06
300,Shingu,20,JP,1576301359,63,33.72,135.99,289.15,3.6
301,Cayenne,90,GF,1576301359,88,4.94,-52.33,299.15,1.5
302,Pozo Colorado,52,PY,1576301359,59,-23.49,-58.8,300.49,2.45
303,Tynda,1,RU,1576301359,95,55.15,124.74,253.13,0.93
304,Novyye Burasy,25,RU,1576301360,86,52.13,46.08,263.15,0.45
305,Rocha,80,UY,1576301093,70,-34.48,-54.34,284.39,3.66
306,Constitucion,0,MX,1576301360,34,23.99,-104.67,284.26,2.68
307,Kerrville,1,US,1576301360,81,30.05,-99.14,283.5,5.58
308,Yar-Sale,8,RU,1576301361,99,66.83,70.83,246.62,1.53
309,Rongcheng,95,CN,1576301361,50,37.16,122.42,278.66,5.74
310,Zaozerne,46,UA,1576301361,92,51.37,23.94,275.71,5.05
311,Vallenar,0,CL,1576301361,85,-28.58,-70.76,286.57,1.31
312,Broome,91,GB,1576301361,86,52.47,1.45,277.38,6.2
313,Auki,70,NG,1576301362,16,12.18,6.51,288.84,5.67
314,Inta,100,RU,1576301362,92,66.04,60.13,264.81,5.74
315,Setermoen,59,NO,1576301362,83,68.86,18.35,260.89,7.7
316,Hamilton,75,CA,1576301185,86,43.26,-79.87,275.2,2.6
317,Lagos,20,NG,1576301366,94,6.46,3.39,298.15,1.0
318,Kampene,77,CD,1576301366,93,-3.59,26.67,296.15,0.21
319,Bathsheba,75,BB,1576301366,88,13.22,-59.52,297.15,3.6
320,Katsuura,40,JP,1576301367,42,33.93,134.5,289.39,7.7
321,Batemans Bay,82,AU,1576301367,70,-35.71,150.18,293.71,0.45
322,Pochutla,51,MX,1576301367,88,15.74,-96.47,298.15,2.09
323,Matagami,32,NG,1576301367,17,9.67,8.4,292.24,2.51
324,Kindu,100,CD,1576301367,97,-2.95,25.92,294.52,0.65
325,Lamu,22,CN,1576301368,31,35.77,102.37,275.95,1.83
326,Opuwo,64,NA,1576301368,16,-18.06,13.84,300.26,1.51
327,Kunyang,0,CN,1576301368,23,27.66,120.56,292.04,3.04
328,Gayny,100,RU,1576301368,96,60.3,54.33,266.87,2.55
329,Comodoro Rivadavia,50,AR,1576301368,47,-45.87,-67.48,287.15,6.7
330,Okha,42,RU,1576301369,95,53.59,142.95,252.48,4.31
331,Minab,0,IR,1576301369,64,27.15,57.07,294.15,2.1
332,Lanzhou,0,CN,1576301369,32,36.06,103.82,276.15,2.0
333,Piracicaba,90,BR,1576301369,78,-22.73,-47.65,295.7,4.1
334,Misawa,75,JP,1576301370,93,40.75,141.38,277.28,4.6
335,Hovd,90,NO,1576301370,56,63.83,10.7,277.51,14.4
336,Kandrian,98,PG,1576301370,91,-6.21,149.55,299.38,1.71
337,Aklavik,20,CA,1576301371,69,68.22,-135.01,248.15,3.6
338,Seddon,90,AU,1576301371,60,-37.81,144.89,292.6,5.1
339,Tocopilla,0,CL,1576301207,29,-22.09,-70.2,284.97,1.93
340,Ler,100,NO,1576301371,56,63.2,10.3,276.95,14.4
341,Itanhem,65,BR,1576301371,95,-17.17,-40.33,292.25,1.09
342,Bad Camberg,90,DE,1576301372,93,50.3,8.27,276.8,4.6
343,Salitrillo,0,MX,1576301372,61,18.9,-100.56,291.88,1.51
344,Taoudenni,55,ML,1576301372,23,22.68,-3.98,286.72,3.22
345,Sidi Ali,0,DZ,1576301372,90,36.1,0.42,284.81,3.55
346,Kalmunai,72,LK,1576301372,77,7.42,81.82,301.02,7.84
347,Kahului,1,US,1576301373,57,20.89,-156.47,297.15,7.7
348,Mecca,97,SA,1576301226,41,21.43,39.83,297.16,0.8
349,Tumaco,100,CO,1576301246,84,1.8,-78.82,298.86,7.43
350,Calama,0,CL,1576301167,37,-22.46,-68.93,284.15,2.1
351,Edd,0,ER,1576301374,35,13.93,41.69,304.28,0.88
352,Saint George,90,GR,1576301374,100,39.45,22.34,283.81,0.72
353,Torbay,40,CA,1576301374,67,47.66,-52.73,265.5,4.1
354,Udachnyy,100,RU,1576301374,75,66.42,112.4,248.15,1.0
355,Port Arthur,90,US,1576301374,100,29.9,-93.93,286.25,2.54
356,Mangrol,0,IN,1576301375,51,25.33,76.51,294.18,3.2
357,Galeana,0,MX,1576301375,48,24.83,-100.08,273.15,0.45
358,Berlevag,20,NO,1576301375,75,70.86,29.09,274.75,7.42
359,Poykovskiy,75,RU,1576301375,91,61.23,73.33,256.15,2.0
360,Chor,0,PK,1576301376,33,25.52,69.77,296.68,4.85
361,Danshui,0,CN,1576301376,64,22.81,114.46,297.57,3.0
362,La Macarena,43,CO,1576301376,89,2.18,-73.79,294.79,1.12
363,Winnemucca,90,US,1576301376,75,40.97,-117.74,278.85,4.1
364,Lagoa,75,PT,1576301376,100,37.14,-8.45,286.3,2.93
365,Sabang,33,PH,1576301377,78,13.8,121.11,302.59,4.02
366,Ilulissat,82,GL,1576301377,56,69.22,-51.1,262.15,5.1
367,Bayonet Point,90,US,1576301378,100,28.33,-82.68,294.36,1.5
368,Axim,66,GH,1576301378,92,4.87,-2.24,297.22,0.27
369,Yulara,0,AU,1576301378,10,-25.24,130.99,308.15,6.2
370,Belyy Yar,100,RU,1576301378,74,53.6,91.39,272.15,3.0
371,Sur,0,OM,1576301378,51,22.57,59.53,298.11,3.04
372,Bermejo,97,AR,1576301379,84,-22.73,-64.34,293.78,0.76
373,Faya,28,SA,1576301379,82,18.39,42.45,288.66,1.7
374,Saint-Joseph,0,FR,1576301379,58,43.56,6.97,284.5,9.8
375,Derzhavinsk,62,KZ,1576301379,87,51.1,66.31,260.51,1.26
376,Tonantins,29,BR,1576301380,96,-2.86,-67.77,295.88,0.54
377,Talcher,0,IN,1576301380,53,20.95,85.21,299.53,1.82
378,Grand-Santi,48,GF,1576301380,99,4.27,-54.38,295.14,0.75
379,Colomi,40,BO,1576301380,58,-17.34,-65.87,288.15,1.5
380,Poya,33,NC,1576301381,68,-21.35,165.16,298.15,4.85
381,Ankazoabo,52,MG,1576301381,69,-22.29,44.51,299.49,3.4
382,Ust-Kuyga,23,RU,1576301382,94,70.0,135.55,235.79,3.19
383,Luanda,75,AO,1576301382,78,-8.83,13.24,298.15,1.5
384,Kedrovyy,40,RU,1576301382,79,56.17,91.82,268.15,4.0
385,Sao Gabriel da Cachoeira,30,BR,1576301382,98,-0.13,-67.09,295.77,0.64
386,Tanout,0,NE,1576301383,14,14.97,8.88,286.12,5.58
387,Araguari,20,BR,1576301383,88,-18.65,-48.19,293.15,4.6
388,Belaya Gora,100,RU,1576301383,98,68.54,146.19,245.28,1.01
389,Najran,20,SA,1576301383,49,17.54,44.22,293.15,2.1
390,Yumen,43,CN,1576301383,30,40.29,97.04,273.67,7.27
391,Carutapera,3,BR,1576301384,80,-1.2,-46.02,300.98,6.41
392,Mogadishu,40,SO,1576301268,69,2.04,45.34,301.15,4.6
393,Manggar,0,ID,1576301384,69,-2.88,108.27,301.65,2.62
394,Deputatskiy,86,RU,1576301384,95,69.3,139.9,241.33,0.61
395,Pangai,20,TO,1576301385,83,-19.8,-174.35,301.15,6.2
396,Doctor Juan Leon Mallorquin,53,PY,1576301385,94,-25.4,-55.27,295.15,1.67
397,Manaus,100,BR,1576301385,94,-3.13,-59.98,298.15,0.5
398,Santa Rosa,98,AR,1576301386,23,-36.62,-64.29,294.2,3.52
399,Ferrol,40,ES,1576301386,82,43.48,-8.23,286.05,5.7
400,Canguaretama,40,BR,1576301387,74,-6.38,-35.14,299.15,4.1
401,Mananjary,80,MG,1576301387,68,-19.16,46.8,297.1,1.27
402,Carcassonne,75,FR,1576301388,76,43.21,2.35,286.24,9.8
403,Maragheh,75,IR,1576301388,100,37.39,46.24,276.15,1.0
404,Carbonia,20,IT,1576301388,72,39.17,8.53,285.87,10.8
405,Millau,90,FR,1576301388,93,44.1,3.08,283.15,11.3
406,Mana,63,NG,1576301389,13,13.03,5.27,288.16,4.33
407,Verkhnyaya Inta,100,RU,1576301389,91,65.99,60.32,264.96,4.63
408,Tura,100,RU,1576301179,92,64.27,100.22,257.41,2.05
409,Lahaina,1,US,1576301389,57,20.87,-156.68,297.43,7.7
410,Zhangjiakou,34,CN,1576301390,43,40.77,114.88,268.31,3.53
411,Mlonggo,20,ID,1576301390,59,-6.53,110.7,305.89,5.1
412,Lavrentiya,83,RU,1576301390,93,65.58,-170.99,267.57,7.09
413,Lazaro Cardenas,0,MX,1576301390,65,28.39,-105.62,283.15,1.34
414,Colares,75,PT,1576301390,100,38.8,-9.45,285.74,1.5
415,San Fernando,75,TT,1576301391,88,10.28,-61.46,297.07,2.6
416,Pemberton,32,AU,1576301391,18,-34.44,116.03,311.97,1.79
417,Kamenka,85,MD,1576301391,92,48.03,28.7,273.15,1.34
418,Tete,75,MZ,1576301391,83,-16.16,33.59,299.15,2.6
419,Anloga,20,GH,1576301392,94,5.79,0.9,297.15,1.0
420,Mount Vernon,90,US,1576301392,93,38.73,-77.1,278.55,2.1
421,Mildura,71,AU,1576301392,26,-34.18,142.16,301.66,4.6
422,Japura,100,ID,1576301392,89,-0.42,102.29,298.9,2.23
423,Namibe,60,AO,1576301393,73,-15.19,12.15,296.59,3.69
424,Itaituba,35,BR,1576301393,98,-4.26,-55.99,295.21,0.84
425,Meulaboh,51,ID,1576301393,71,4.14,96.13,300.42,1.87
426,Santa Ines,75,EC,1576301393,76,-0.82,-78.63,282.01,0.83
427,Yunhe,0,CN,1576301393,42,28.12,119.57,290.21,1.76
428,Novovasylivka,100,UA,1576301394,89,48.2,37.04,276.38,7.99
429,Nikolsk,49,RU,1576301394,90,59.53,45.45,266.97,2.84
430,Loiza,75,PR,1576301394,83,18.43,-65.88,296.39,2.1
431,Colorado Springs,1,US,1576301244,50,38.83,-104.83,270.37,2.1
432,La Ciotat,39,FR,1576301395,87,43.17,5.6,281.91,3.1
433,Assiniboia,97,CA,1576301395,97,49.63,-105.99,252.24,1.43
434,Olden,45,NO,1576301395,58,61.84,6.81,270.4,1.79
435,Terrace,90,CA,1576301395,89,54.52,-128.61,273.5,2.6
436,Hojai,5,IN,1576301396,71,26.0,92.85,295.78,1.24
437,Conde,31,BR,1576301396,78,-11.81,-37.61,299.44,4.05
438,Fuyu,0,CN,1576301396,83,47.79,124.46,263.13,2.96
439,Lensk,99,RU,1576301397,84,60.71,114.91,266.51,4.29
440,Portoferraio,0,IT,1576301397,63,42.81,10.31,285.24,3.1
441,Chitipa,7,MW,1576301397,83,-9.7,33.27,294.3,1.7
442,Shanghai,40,CN,1576301313,59,31.23,121.49,290.13,5.0
443,Burnie,81,AU,1576301397,39,-41.05,145.91,292.59,5.36
444,Gambela,100,ET,1576301398,61,8.25,34.59,299.46,1.77
445,Luganville,75,VU,1576301398,69,-15.51,167.18,301.15,3.1
446,Talcahuano,75,CL,1576301398,100,-36.72,-73.12,286.15,2.1
447,Jalu,0,LY,1576301398,35,29.03,21.55,284.63,6.76
448,Ucluelet,82,CA,1576301116,93,48.94,-125.55,277.37,1.93
449,Fecamp,90,FR,1576301399,61,49.76,0.37,281.07,14.4
450,Rudnya,4,RU,1576301399,90,50.8,44.56,266.72,4.33
451,Murgab,90,TM,1576301399,51,37.5,61.97,275.15,3.1
452,Orlik,75,PL,1576301399,96,53.95,17.74,273.8,5.7
453,Sheffield,75,GB,1576301286,86,53.38,-1.47,276.66,10.3
454,Doha,32,QA,1576301400,73,25.29,51.53,295.13,2.6
455,Iralaya,5,HN,1576301401,76,15.0,-83.23,300.07,5.68
456,Waingapu,46,ID,1576301401,68,-9.65,120.26,302.57,3.64
457,Alice Springs,81,AU,1576301340,13,-23.7,133.88,306.15,4.6
458,Makaha,90,US,1576301402,83,21.47,-158.22,298.03,5.55
459,Bandarbeyla,76,SO,1576301402,76,9.49,50.81,299.58,6.41
460,Taltal,6,CL,1576301402,91,-25.41,-70.49,285.7,1.24
461,Kaltan,100,RU,1576301403,95,53.52,87.29,271.12,3.86
462,Shakawe,41,BW,1576301404,39,-18.36,21.84,301.55,4.59
463,Nokaneng,37,BW,1576301404,37,-19.66,22.19,301.58,5.31
464,Provideniya,100,RU,1576301405,88,64.42,-173.23,264.85,3.17
465,Sinnamary,91,GF,1576301405,82,5.38,-52.96,300.34,7.38
466,Borogontsy,64,RU,1576301406,92,62.67,131.17,241.0,4.71
467,Ballina,57,IE,1576301406,86,54.11,-9.15,276.21,3.58
468,Osakarovka,87,KZ,1576301406,93,50.56,72.58,261.33,0.97
469,Saskatoon,5,CA,1576301246,75,52.13,-106.66,247.78,1.0
470,Pallasovka,0,RU,1576301407,71,50.04,46.89,267.95,6.04
471,Nageshwari,82,BD,1576301407,45,25.94,89.71,296.47,1.06
472,Sydney Mines,20,CA,1576301407,78,46.24,-60.22,268.48,1.5
473,Gornopravdinsk,78,RU,1576301408,97,60.06,69.92,257.97,1.15
474,Kalabo,100,ZM,1576301408,68,-15.0,22.67,296.68,2.81
475,Teguldet,95,RU,1576301408,92,57.31,88.17,259.41,2.6
476,Novobirilyussy,96,RU,1576301408,93,56.95,90.69,261.27,1.97
477,Codrington,56,AU,1576301408,55,-28.95,153.24,302.56,7.7
478,Solnechnyy,15,RU,1576301409,97,50.72,136.64,255.33,1.09
479,Muros,75,ES,1576301409,93,42.77,-9.06,286.31,4.6
480,Lichinga,100,MZ,1576301409,92,-13.3,35.25,293.75,2.54
481,Wucheng,0,CN,1576301409,39,29.09,119.57,291.1,3.26
482,Plouzane,90,FR,1576301410,70,48.38,-4.62,282.93,4.6
483,Catalina,100,PE,1576301410,82,-13.57,-76.13,292.41,2.1
484,Nelson Bay,11,AU,1576301410,54,-32.72,152.14,298.47,7.2
485,Biak,92,ID,1576301410,76,-0.91,122.88,301.39,4.75
486,Kenai,1,US,1576301411,74,60.55,-151.26,273.24,6.7
487,Fredericksburg,90,US,1576301195,100,38.3,-77.46,277.35,2.37
488,Slyudyanka,76,RU,1576301411,74,51.66,103.72,269.73,1.28
489,Dudinka,40,RU,1576301123,75,69.41,86.18,246.15,7.0
490,Neon Karlovasion,75,GR,1576301412,82,37.79,26.7,285.29,9.3
491,Pacific Grove,90,US,1576301412,93,36.62,-121.92,286.12,3.1
492,Monroe,1,US,1576301412,86,41.91,-83.4,272.88,1.06
493,Teya,40,MX,1576301412,94,21.05,-89.07,296.56,2.6
494,Puerto Baquerizo Moreno,89,EC,1576301413,81,-0.9,-89.6,295.07,5.22
495,Ossora,78,RU,1576301413,68,59.24,163.07,259.7,2.3
496,Drumheller,100,CA,1576301413,54,51.47,-112.7,257.65,3.98
497,Tautira,75,PF,1576301414,74,-17.73,-149.15,299.99,1.0
498,Mangochi,100,MW,1576301414,82,-14.48,35.26,295.79,2.57
499,Calabozo,98,VE,1576301414,77,8.92,-67.43,297.27,1.92
500,Midland,1,US,1576301293,37,32.0,-102.08,284.76,3.1
501,Sangar,100,RU,1576301415,92,63.92,127.47,246.23,9.45
502,Margate,100,AU,1576301415,40,-43.03,147.26,289.37,2.24
503,Dezhou,98,CN,1576301416,30,37.45,116.31,280.39,2.97
504,Juxtlahuaca,30,MX,1576301416,70,17.43,-99.15,288.68,1.47
505,Icod de los Vinos,20,ES,1576301416,93,28.37,-16.71,288.42,1.0
506,Bontang,88,ID,1576301417,68,0.12,117.47,301.76,4.0
507,Aykhal,100,RU,1576301417,75,65.95,111.51,248.15,1.0
508,Thinadhoo,46,MV,1576301417,73,0.53,72.93,301.04,3.59
509,Koumac,97,NC,1576301417,76,-20.56,164.28,295.1,1.47
510,Vikindu,40,TZ,1576301418,94,-6.98,39.3,298.15,1.5
511,Isparta,75,TR,1576301418,100,37.77,30.56,277.15,2.1
512,Petropavlovsk-Kamchatskiy,40,RU,1576301418,58,53.05,158.65,271.15,4.0
513,Leshukonskoye,99,RU,1576301419,95,64.9,45.76,271.07,2.85
514,Biltine,73,TD,1576301419,24,14.53,20.93,293.04,2.78
515,Somerset East,30,ZA,1576301419,39,-32.72,25.59,296.92,4.09
516,College,1,US,1576301420,84,64.86,-147.8,259.69,0.76
517,Piacabucu,3,BR,1576301420,83,-10.41,-36.43,297.73,2.63
518,Laurel,90,US,1576301420,100,39.1,-76.85,278.95,2.62
519,Entre Rios,4,BR,1576301420,97,-11.94,-38.08,294.7,1.28
520,San Buenaventura,0,MX,1576301421,27,27.06,-101.55,292.55,3.28
521,Rognan,68,NO,1576301421,59,67.1,15.4,274.92,5.7
522,Arteaga,5,MX,1576301421,54,25.45,-100.85,281.87,1.78
523,Wanaka,85,NZ,1576301421,86,-44.7,169.14,278.48,3.66
524,High Level,90,CA,1576301422,83,58.52,-117.13,250.15,1.5
525,Carupano,28,VE,1576301422,98,10.67,-63.26,294.0,1.57
526,Vestmannaeyjar,79,IS,1576301238,78,63.44,-20.27,268.06,5.34
527,Pampierstad,0,ZA,1576301422,34,-27.78,24.69,300.83,8.54
528,Waddan,0,LY,1576301422,48,29.16,16.14,284.53,6.1
529,Angoram,97,PG,1576301423,65,-4.06,144.07,304.09,3.22
530,Port Hueneme,1,US,1576301322,82,34.15,-119.2,285.92,0.48
531,Cururupu,42,BR,1576301423,92,-1.82,-44.87,297.67,0.66
532,Salta,75,AR,1576301424,93,-24.79,-65.41,292.26,1.0
533,Barra Patuca,0,HN,1576301424,70,15.8,-84.28,299.92,3.33
534,Nome,1,US,1576301424,93,30.04,-94.42,285.25,2.23
535,Anqing,47,CN,1576301424,44,30.51,117.04,289.17,5.61
536,Gizo,20,IL,1576301424,62,31.8,34.94,285.2,4.1
537,Pishin,62,PK,1576301425,34,30.58,67.0,279.31,0.8
538,Chabahar,15,IR,1576301425,54,25.29,60.65,296.98,2.09
539,Jumla,55,NP,1576301425,82,29.28,82.18,274.66,1.76
540,Dunda,6,IN,1576301426,66,30.62,78.32,282.94,1.15
541,La Ronge,5,CA,1576301210,74,55.1,-105.3,243.15,1.5
542,Yeppoon,75,AU,1576301426,32,-23.13,150.74,310.15,5.7
543,Almaznyy,75,RU,1576301427,100,48.03,40.04,274.15,10.0
544,Lao Cai,52,VN,1576301427,53,22.48,103.95,295.32,1.49
545,Aswan,0,EG,1576301427,50,24.09,32.9,287.23,2.99
546,Kamaishi,75,JP,1576301427,86,39.28,141.86,278.15,1.0
547,Nanakuli,90,US,1576301428,83,21.39,-158.15,298.03,5.55
548,La Palma,59,CO,1576301428,93,5.36,-74.39,292.59,0.94
549,Batagay,0,RU,1576301428,94,67.65,134.64,235.84,1.08
